"Freq [GHz]","mag(S(RX_ant1_1,TX_antenna)) []"
4,0.00795525793236149
4.0075,0.00797722558783527
4.015,0.00800055559138146
4.0225,0.00791949218814157
4.03,0.00742126200338672
4.0375,0.00727000372414069
4.045,0.00697708846718998
4.0525,0.00601312157981407
4.06,0.00576530804192783
4.0675,0.00586091614300946
4.075,0.00589927012542819
4.0825,0.00655768391980194
4.09,0.00613588231581485
4.0975,0.00575755401539855
4.105,0.00599914358792648
4.1125,0.00524880710937837
4.12,0.00497185740455704
4.1275,0.00459488552632969
4.135,0.00358529562707304
4.1425,0.0032529019597687
4.15,0.00306353001270372
4.1575,0.00275460317636643
4.165,0.00247844292046873
4.1725,0.00202489299178405
4.18,0.0020383301471986
4.1875,0.00242884266158082
4.195,0.00231265717513721
4.2025,0.00253229727864758
4.21,0.00178760207202159
4.2175,0.00103694619330258
4.225,0.00176830781412995
4.2325,0.00168587343744966
4.24,0.00262871028067611
4.2475,0.00268143451677866
4.255,0.00294656126338368
4.2625,0.00362269545722171
4.27,0.00384299747223413
4.2775,0.00421049062537268
4.285,0.00406637358375551
4.2925,0.00399172257503942
4.3,0.0043195108346291
4.3075,0.00482046378672367
4.315,0.00521380567044797
4.3225,0.00554648338843748
4.33,0.00593123013917668
4.3375,0.00619114757746089
4.345,0.00651258016193333
4.3525,0.00641603893939284
4.36,0.00618315158760136
4.3675,0.00582271311690132
4.375,0.0050939912176819
4.3825,0.00457463297236293
4.39,0.00388986660048457
4.3975,0.00352802669071184
4.405,0.00335092733647893
4.4125,0.00263487212107995
4.42,0.00206500851194954
4.4275,0.00154498698526777
4.435,0.0011637162403049
4.4425,0.000914196241809388
4.45,0.000544666821762001
4.4575,0.000272981491131568
4.465,0.000765979982995056
4.4725,0.00103346787621692
4.48,0.00141270330839464
4.4875,0.0018698861983327
4.495,0.00227186941887237
4.5025,0.00291068129885958
4.51,0.00311209645026588
4.5175,0.00328435782640263
4.525,0.00345215095683625
4.5325,0.00323555972215421
4.54,0.00335223891028018
4.5475,0.00356096815874735
4.555,0.00346051281402455
4.5625,0.00380388653302815
4.57,0.00416798992327428
4.5775,0.00420052189072706
4.585,0.00424247550653387
4.5925,0.00430948526672346
4.6,0.00400768143371407
4.6075,0.00372153532874635
4.615,0.0033124415111994
4.6225,0.00263433504691848
4.63,0.00237404550925105
4.6375,0.00187155243373096
4.645,0.00132590502028975
4.6525,0.000784138533758885
4.66,0.000335926383404989
4.6675,0.000800268748510066
4.675,0.000761592115392552
4.6825,0.000916072412882605
4.69,0.000860355657419988
4.6975,0.000688471135515775
4.705,0.00100594716978906
4.7125,0.00105265738797947
4.72,0.00135020448671337
4.7275,0.00179920374011023
4.735,0.00168864580797345
4.7425,0.00205858887823647
4.75,0.00234791288485017
4.7575,0.00241697228679444
4.765,0.00267500488230969
4.7725,0.00262353493832345
4.78,0.00266435051965381
4.7875,0.00290100811933242
4.795,0.00314406811194684
4.8025,0.0033395686136385
4.81,0.0034043286316361
4.8175,0.00350892398807626
4.825,0.00367761340887866
4.8325,0.00390856022262195
4.84,0.00395149636761895
4.8475,0.0039113303205908
4.855,0.003654219673635
4.8625,0.00308348080990535
4.87,0.00286376885381723
4.8775,0.0025684538391136
4.885,0.00225463963873738
4.8925,0.00212537335799758
4.9,0.00157763394177765
4.9075,0.00109792924111718
4.915,0.00092220697685545
4.9225,0.000852415445054767
4.93,0.00103768553671874
4.9375,0.00102928863909473
4.945,0.000839487755740898
4.9525,0.00076583222252441
4.96,0.000867006824784659
4.9675,0.00100243207112922
4.975,0.00116438791426251
4.9825,0.0013992471347725
4.99,0.00174234723270659
4.9975,0.00206707122025249
5.005,0.00221285435605665
5.0125,0.00242113747216114
5.02,0.00264356399869373
5.0275,0.00285846155582509
5.035,0.00304105819665975
5.0425,0.00301466583275288
5.05,0.00306712734839348
5.0575,0.00317670836611846
5.065,0.00329339581030685
5.0725,0.00346066010526694
5.08,0.00360899997631133
5.0875,0.00353755719817744
5.095,0.00328299310782212
5.1025,0.00320080706533069
5.11,0.00302489440111304
5.1175,0.0028704592251722
5.125,0.00277333555501689
5.1325,0.00238168157390173
5.14,0.00209832850296671
5.1475,0.00200730251154047
5.155,0.00207277432394458
5.1625,0.00208808906242431
5.17,0.00207144644638595
5.1775,0.00201765118074598
5.185,0.00177324368990694
5.1925,0.00176129720012365
5.2,0.00182265217452912
5.2075,0.00176768278137777
5.215,0.00185482389923811
5.2225,0.00195753965852084
5.23,0.00186879534557839
5.2375,0.00178844808934967
5.245,0.00191536900233723
5.2525,0.00213370831273011
5.26,0.00237118515416208
5.2675,0.00261778911252867
5.275,0.00275115737086133
5.2825,0.00267882383427356
5.29,0.00272508448556499
5.2975,0.00274165525027967
5.305,0.00265264968687304
5.3125,0.00263666675661932
5.32,0.00236631243925211
5.3275,0.0021375911796969
5.335,0.00199847766318093
5.3425,0.00186038232609628
5.35,0.00206254349938722
5.3575,0.00205426976028738
5.365,0.00194766881347848
5.3725,0.00196503803535224
5.38,0.00197932671677461
5.3875,0.00186473280781699
5.395,0.0018447680334164
5.4025,0.00176724315966489
5.41,0.00156017564749768
5.4175,0.00154007741892531
5.425,0.00143589047238299
5.4325,0.00110687700850463
5.44,0.000719900211171994
5.4475,0.000494865971457004
5.455,0.000294435393151404
5.4625,0.000246051170270807
5.47,0.000426709244548158
5.4775,0.0008486980332844
5.485,0.000865147681017494
5.4925,0.000920199765614484
5.5,0.000989894806684433
5.5075,0.000740775881989311
5.515,0.000968168212469319
5.5225,0.001140350806115
5.53,0.00146336078160759
5.5375,0.00165948707591311
5.545,0.00180383856868162
5.5525,0.00190159123154627
5.56,0.00207549967523675
5.5675,0.00229268561590092
5.575,0.00233780394454496
5.5825,0.00248018103088506
5.59,0.00237343103309492
5.5975,0.00260285571155953
5.605,0.00302359117264713
5.6125,0.00306440360142701
5.62,0.00315321048332319
5.6275,0.00315536630652372
5.635,0.00297064043567156
5.6425,0.00272591719267541
5.65,0.00247382611240919
5.6575,0.00217665039349659
5.665,0.00168545078847147
5.6725,0.00118774682361252
5.68,0.000912376870738908
5.6875,0.000748875298919813
5.695,0.000664340020381751
5.7025,0.000717412503786877
5.71,0.00100827929890846
5.7175,0.0012083402283412
5.725,0.00129816194793137
5.7325,0.00154997016591033
5.74,0.001673358390477
5.7475,0.00175950175197818
5.755,0.00198613877956013
5.7625,0.00207592459888529
5.77,0.0020516082571024
5.7775,0.00210065600815127
5.785,0.00227250390783297
5.7925,0.00239124902352666
5.8,0.002424020930595
5.8075,0.00249525521894814
5.815,0.00242224173815758
5.8225,0.00234414203444324
5.83,0.00236476522278192
5.8375,0.00245607163314072
5.845,0.00255511448465472
5.8525,0.00241997598928761
5.86,0.00245654189349567
5.8675,0.00259449511304155
5.875,0.00250774636219167
5.8825,0.00251197092369741
5.89,0.0024836159522753
5.8975,0.00211119118556401
5.905,0.00160532410863478
5.9125,0.00138725622314856
5.92,0.00115445473616566
5.9275,0.000888993014818517
5.935,0.000918810369961285
5.9425,0.00101096717390206
5.95,0.00105181356183512
5.9575,0.00124030406284595
5.965,0.00139553574409998
5.9725,0.00136563725239036
5.98,0.00139675190603407
5.9875,0.00158443408347116
5.995,0.0015626844840936
6.0025,0.0017385682923566
6.01,0.00201310644668076
6.0175,0.00207724404662397
6.025,0.00223618582964681
6.0325,0.00217421096417991
6.04,0.00216323003500124
6.0475,0.00231724532674461
6.055,0.0021642699737919
6.0625,0.00220050159263581
6.07,0.00221249759680065
6.0775,0.00199901550905148
6.085,0.00206529858696394
6.0925,0.00221700398801414
6.1,0.0021304841222372
6.1075,0.00211602361446829
6.115,0.00217408640027747
6.1225,0.00194409057975392
6.13,0.00184932247290688
6.1375,0.00172176742468639
6.145,0.00142446109449327
6.1525,0.00117182030244973
6.16,0.000700618410701202
6.1675,0.000308197239583436
6.175,0.000367771728709111
6.1825,0.000682283514714891
6.19,0.000686801075838171
6.1975,0.0009872376770552
6.205,0.00115414978107046
6.2125,0.000932750571481917
6.22,0.00114447292477047
6.2275,0.00117340955709691
6.235,0.000703517108230097
6.2425,0.000602703456265029
6.25,0.000607834067700346
6.2575,0.000559167008587338
6.265,0.00103402701624181
6.2725,0.000982407901589165
6.28,0.0010473408747417
6.2875,0.00117854607407981
6.295,0.00125670816118087
6.3025,0.00168891628418524
6.31,0.00174566014049954
6.3175,0.00204985855000834
6.325,0.00240669469175974
6.3325,0.00231613836300251
6.34,0.00262822502743585
6.3475,0.0029863026118432
6.355,0.00290444801411036
6.3625,0.00286326166881559
6.37,0.00279550383570795
6.3775,0.0024578349893794
6.385,0.00219019080863929
6.3925,0.00207635172656975
6.4,0.00194394456988969
6.4075,0.00171686431947646
6.415,0.00147392013973374
6.4225,0.00125435436983897
6.43,0.00118069040854605
6.4375,0.00133744534467738
6.445,0.00130728377949179
6.4525,0.00118344600330062
6.46,0.00102167419657893
6.4675,0.000682044775473515
6.475,0.000696234301613894
6.4825,0.000486123046415847
6.49,0.000477502873774428
6.4975,0.000711213869723945
6.505,0.000453177111367424
6.5125,0.000916763565408155
6.52,0.00116323255646938
6.5275,0.00136132862039662
6.535,0.00186489475830397
6.5425,0.00198207819083039
6.55,0.00214170015558239
6.5575,0.00245623355939701
6.565,0.0026589683593408
6.5725,0.00293496625085029
6.58,0.00317431086758373
6.5875,0.00317260637556829
6.595,0.00312646519753158
6.6025,0.00305333840277138
6.61,0.00269969188303015
6.6175,0.00258844403128124
6.625,0.00253736305676372
6.6325,0.00210196128978129
6.64,0.00180591024266372
6.6475,0.00150642124800874
6.655,0.00111189872035241
6.6625,0.000862360141511712
6.67,0.000738478941416275
6.6775,0.000780476691026396
6.685,0.000715902005045788
6.6925,0.0010670516632016
6.7,0.00128400906569719
6.7075,0.00133387437244106
6.715,0.00136192567648051
6.7225,0.00119523040912541
6.73,0.00151442856040051
6.7375,0.0017013475011489
6.745,0.00166458672779246
6.7525,0.00211092157546631
6.76,0.00185968616341307
6.7675,0.00175096151086055
6.775,0.00238071337202382
6.7825,0.00223079619008891
6.79,0.0023190672793191
6.7975,0.0025326854778105
6.805,0.0023251581027883
6.8125,0.002302494183339
6.82,0.00239227565912753
6.8275,0.00255495430298011
6.835,0.00274441279077431
6.8425,0.00269805949386114
6.85,0.00261279573908982
6.8575,0.00260618938534116
6.865,0.00228025193164542
6.8725,0.00225607713596095
6.88,0.00237632083027482
6.8875,0.00208139315289932
6.895,0.00204573126296652
6.9025,0.0019483647607861
6.91,0.00183295970639889
6.9175,0.00188062729983841
6.925,0.00186886668011097
6.9325,0.00203079348896164
6.94,0.00213490788417855
6.9475,0.00194858973813858
6.955,0.00187375942763469
6.9625,0.00180514179503674
6.97,0.0013495381537517
6.9775,0.00104823527951247
6.985,0.000933978121652684
6.9925,0.000837209715830775
7,0.0012758875035991
7.0075,0.00153329084792587
7.015,0.00167012678009894
7.0225,0.00190444240401037
7.03,0.00185626800691879
7.0375,0.00184816170798592
7.045,0.00208342300413649
7.0525,0.00225997821036248
7.06,0.00252525064980462
7.0675,0.0026910806214044
7.075,0.00286255842908904
7.0825,0.00317249480227742
7.09,0.0034202783880287
7.0975,0.00363777221130965
7.105,0.00377377499618514
7.1125,0.00372853757525111
7.12,0.00360083195067481
7.1275,0.00358140454186328
7.135,0.00338116588129894
7.1425,0.0032621120915645
7.15,0.00320288515617892
7.1575,0.00280900520430408
7.165,0.00250030505477848
7.1725,0.00237036237429147
7.18,0.00214722393031517
7.1875,0.00180356334729931
7.195,0.00164325305487413
7.2025,0.00147281143597181
7.21,0.00122735151056684
7.2175,0.00149202962455864
7.225,0.00160593676315135
7.2325,0.00153263515408785
7.24,0.0015754857484992
7.2475,0.00156036893436218
7.255,0.00170188186325008
7.2625,0.00192671707821201
7.27,0.00184140520281237
7.2775,0.00206524321330506
7.285,0.00210129463301083
7.2925,0.00204751419041334
7.3,0.00247636956178149
7.3075,0.00238345588548972
7.315,0.00252322312731864
7.3225,0.00289073925529292
7.33,0.00284508122891194
7.3375,0.00281617024213789
7.345,0.00297755681388759
7.3525,0.00262255750393913
7.36,0.00235446465503394
7.3675,0.0026239061418236
7.375,0.00210118166056677
7.3825,0.00242412537306294
7.39,0.00245949528320723
7.3975,0.00197771855456009
7.405,0.00250975018399343
7.4125,0.00226781374049136
7.42,0.00203501456430842
7.4275,0.00219302806036979
7.435,0.00207409043110517
7.4425,0.00217497824428006
7.45,0.00241261387657558
7.4575,0.00272126467858355
7.465,0.00287770261297113
7.4725,0.00289941711184927
7.48,0.00294758698545326
7.4875,0.00291626643646353
7.495,0.00273410286122352
7.5025,0.00265972447765871
7.51,0.00234332184102588
7.5175,0.00207421776033666
7.525,0.0019178259552337
7.5325,0.00153340455959624
7.54,0.00155913372485662
7.5475,0.00117791501852217
7.555,0.0011710209362355
7.5625,0.00157065473199833
7.57,0.00163770999255632
7.5775,0.00195880699030586
7.585,0.00206690175917118
7.5925,0.00189798063048802
7.6,0.00209715458986767
7.6075,0.00237961387180167
7.615,0.00252201873275967
7.6225,0.00291058785835505
7.63,0.00299264989140732
7.6375,0.00321198567601047
7.645,0.0034954968594616
7.6525,0.00337501856312631
7.66,0.00357966390796178
7.6675,0.0035585845668875
7.675,0.00319328163042068
7.6825,0.00311684438107083
7.69,0.00279920343424637
7.6975,0.00237288733828478
7.705,0.00229311658617529
7.7125,0.00204747575666304
7.72,0.00185588328246968
7.7275,0.00187151671937705
7.735,0.0016809439161975
7.7425,0.00145190949004388
7.75,0.00150653973419729
7.7575,0.00123561086565157
7.765,0.000925056815287866
7.7725,0.000973232642405949
7.78,0.000708770569946685
7.7875,0.00117646332182436
7.795,0.00162723902886836
7.8025,0.00191944147055435
7.81,0.00242199949422116
7.8175,0.00276806634842787
7.825,0.00298474635447818
7.8325,0.00339733297122121
7.84,0.00355309929709144
7.8475,0.00354565892141753
7.855,0.00364964965967704
7.8625,0.00336404750500428
7.87,0.00339361182694549
7.8775,0.00336466129640234
7.885,0.0029492977863609
7.8925,0.00324514950039031
7.9,0.00306890569099442
7.9075,0.00280964536393009
7.915,0.00289686278163235
7.9225,0.00260292178524387
7.93,0.0024547621930705
7.9375,0.00213899161292487
7.945,0.00176536636253419
7.9525,0.00146292046233773
7.96,0.00147582238908077
7.9675,0.00173070267813401
7.975,0.00214389121733807
7.9825,0.00251486064482996
7.99,0.00287982750985546
7.9975,0.00308764129569686
8.005,0.00275962056094407
8.0125,0.00299721133391727
8.02,0.00266243290203527
8.0275,0.0020845335013404
8.035,0.00224615378830561
8.0425,0.00143037515456954
8.05,0.00148466859817124
8.0575,0.00158332476771092
8.065,0.00155255862905283
8.0725,0.00195597113402324
8.08,0.00193250249708322
8.0875,0.00199813581521678
8.095,0.00197412846359706
8.1025,0.00204512054152555
8.11,0.00210761583848136
8.1175,0.00210632873778568
8.125,0.00216198997077049
8.1325,0.00226575085476685
8.14,0.00234939021333492
8.1475,0.00258645406385837
8.155,0.00266510450465181
8.1625,0.00264384071179518
8.17,0.00287558304955008
8.1775,0.0027819312912299
8.185,0.00303148736627738
8.1925,0.00346300453971866
8.2,0.00339018868234296
8.2075,0.00362406086668878
8.215,0.00398528245159669
8.2225,0.00377347063254237
8.23,0.00402458849154568
8.2375,0.00427564302415935
8.245,0.00384880420909499
8.2525,0.00400560009915358
8.26,0.00391261166457915
8.2675,0.00339903793859655
8.275,0.00328172957927341
8.2825,0.00282343077723833
8.29,0.00227799454315075
8.2975,0.00193843137040394
8.305,0.00151250684014781
8.3125,0.00101281022142982
8.32,0.000799160279614862
8.3275,0.0008682264706629
8.335,0.00103958017025178
8.3425,0.00141458671700568
8.35,0.00169560890700176
8.3575,0.00197562614670531
8.365,0.0022744101096076
8.3725,0.0025877369506111
8.38,0.00290917250031412
8.3875,0.00295327233830007
8.395,0.00306278840411606
8.4025,0.00319541345535472
8.41,0.00307565103555921
8.4175,0.00312909788374669
8.425,0.00305460203216229
8.4325,0.0027559799073911
8.44,0.0027634626635274
8.4475,0.00268814618355881
8.455,0.00253799597212365
8.4625,0.00270393855481069
8.47,0.00274135966890823
8.4775,0.00261305071446831
8.485,0.00279492093763683
8.4925,0.00261429446121375
8.5,0.00244434802500586
8.5075,0.0024398522717105
8.515,0.00216704973219349
8.5225,0.00212637767392445
8.53,0.00199477469469406
8.5375,0.00225998267735115
8.545,0.00226161686051364
8.5525,0.00224699814594272
8.56,0.00246703255454613
8.5675,0.00233561480447487
8.575,0.00255361363465237
8.5825,0.0024495682983234
8.59,0.00254540143526334
8.5975,0.00268648234610315
8.605,0.00235529751829534
8.6125,0.00243245885920766
8.62,0.00238852106811473
8.6275,0.00209696120832828
8.635,0.00206896080521505
8.6425,0.00213891820910957
8.65,0.00178405560985566
8.6575,0.00172945320707533
8.665,0.00158288197097923
8.6725,0.00128784560769262
8.68,0.00155294401792157
8.6875,0.00156498111732285
8.695,0.00196653455197564
8.7025,0.00227897593237658
8.71,0.00247942907811876
8.7175,0.00284766695033908
8.725,0.00307345861607297
8.7325,0.00324110359551512
8.74,0.00326715689038063
8.7475,0.00340194359123185
8.755,0.00338554682610469
8.7625,0.00314660905856653
8.77,0.00305544395731503
8.7775,0.00289414255208266
8.785,0.00233743294421589
8.7925,0.0019807632810677
8.8,0.00190880338670453
8.8075,0.0016280139405093
8.815,0.00152462036709963
8.8225,0.00149520190303069
8.83,0.00146290026935234
8.8375,0.00128140478118045
8.845,0.00131643562737988
8.8525,0.00136953219224602
8.86,0.00129962291076253
8.8675,0.00136369049967988
8.875,0.00155814532506805
8.8825,0.00179713776862479
8.89,0.00179103613750573
8.8975,0.00216152868558282
8.905,0.00222095740828982
8.9125,0.00224921607611292
8.92,0.00258981023074633
8.9275,0.00272562497850984
8.935,0.00301457620661766
8.9425,0.00309539341132042
8.95,0.00324818720972278
8.9575,0.00355722035407505
8.965,0.00347266574520661
8.9725,0.0036343518262342
8.98,0.00391945935992303
8.9875,0.00367026656568353
8.995,0.00346510889795666
9.0025,0.00349957917920937
9.01,0.0031504835640629
9.0175,0.00264881780609035
9.025,0.00253429840475023
9.0325,0.00221324422860169
9.04,0.00165728707535323
9.0475,0.00148013475254975
9.055,0.00110301986947775
9.0625,0.00096155201370085
9.07,0.0011309245831614
9.0775,0.00112862460158788
9.085,0.00129229454720943
9.0925,0.00149320339517307
9.1,0.00168500435321341
9.1075,0.00199145998896477
9.115,0.00207302858159665
9.1225,0.00209198988970023
9.13,0.00217612784198487
9.1375,0.00202148938670263
9.145,0.00208568132994875
9.1525,0.00199563924396516
9.16,0.00178908563110103
9.1675,0.00195658212781774
9.175,0.00183330593502409
9.1825,0.00191031966482692
9.19,0.00201577842735997
9.1975,0.0019514153617249
9.205,0.00208178730768137
9.2125,0.00197183549974285
9.22,0.00203587221752797
9.2275,0.00218413491551354
9.235,0.00218495684591548
9.2425,0.002416931209247
9.25,0.00267819439102507
9.2575,0.0026151305913307
9.265,0.00284717107826566
9.2725,0.00300411146011548
9.28,0.00277955153612197
9.2875,0.00299012764379224
9.295,0.00294005969899001
9.3025,0.00274370544205668
9.31,0.00281495670056742
9.3175,0.00254022416464522
9.325,0.00263444320918607
9.3325,0.00268468143161947
9.34,0.00250165613850644
9.3475,0.00250251795182094
9.355,0.00229667661546095
9.3625,0.00200352657471482
9.37,0.00179616891814322
9.3775,0.00158129395780065
9.385,0.00144608580027793
9.3925,0.00110915332339503
9.4,0.000738612639724803
9.4075,0.00055809883057248
9.415,0.000327681589142674
9.4225,0.000880491642189962
9.43,0.0010102376268402
9.4375,0.00139345096681884
9.445,0.00180979283146923
9.4525,0.00185704696123658
9.46,0.00206839286202663
9.4675,0.00222475700864993
9.475,0.00221164606420011
9.4825,0.00235707541879558
9.49,0.00261679440132003
9.4975,0.0026200021994552
9.505,0.00284555108999727
9.5125,0.00317570479995024
9.52,0.00309444843755878
9.5275,0.00323105428116249
9.535,0.00326635641564658
9.5425,0.00292673591918493
9.55,0.00266867030751935
9.5575,0.00239090818644997
9.565,0.00214536310915853
9.5725,0.00179873468085758
9.58,0.00150737907061747
9.5875,0.00140071670544224
9.595,0.00125097842533091
9.6025,0.00138827922093825
9.61,0.00150747611606222
9.6175,0.00156681559292229
9.625,0.00158818468203411
9.6325,0.00156581104838254
9.64,0.00161591335538358
9.6475,0.00158084313744244
9.655,0.00154522508858713
9.6625,0.00151134696152526
9.67,0.0015299418174756
9.6775,0.00161858468823259
9.685,0.00177932090333404
9.6925,0.00206419056637386
9.7,0.00213549167131477
9.7075,0.00215754690078373
9.715,0.00229358356091099
9.7225,0.00224685248412529
9.73,0.00203989472905394
9.7375,0.00212575035405916
9.745,0.00202426302164471
9.7525,0.00178914344506615
9.76,0.00207261043552926
9.7675,0.00205277549002979
9.775,0.00203550736202444
9.7825,0.0022403501812237
9.79,0.00222776372827404
9.7975,0.00217505311176835
9.805,0.00213572543622072
9.8125,0.00209133409600738
9.82,0.00179171985878667
9.8275,0.00184126350529645
9.835,0.00194712803174086
9.8425,0.00186010336081776
9.85,0.00209984933616178
9.8575,0.00212552588776763
9.865,0.00208716531989738
9.8725,0.00218746963147613
9.88,0.00217158894212053
9.8875,0.00191186562279621
9.895,0.0017452196343145
9.9025,0.00151864316767581
9.91,0.00115296420103263
9.9175,0.00119484337823285
9.925,0.00115519442194392
9.9325,0.00128847933590574
9.94,0.00141454696643661
9.9475,0.00145583295945139
9.955,0.00169132877154132
9.9625,0.00176501437198435
9.97,0.0019246453943428
9.9775,0.00213026393271171
9.985,0.00216531325438445
9.9925,0.00239485292458054
10,0.00263475111253137
10.0075,0.0027336373334608
10.015,0.00304246161812449
10.0225,0.00328227982979836
10.03,0.00336816245005638
10.0375,0.00342185226423092
10.045,0.00342259482373224
10.0525,0.00341382358892885
10.06,0.00327874659362166
10.0675,0.00320289459190646
10.075,0.00304778400689867
10.0825,0.00274660084474634
10.09,0.00262539100123111
10.0975,0.00240373630087773
10.105,0.00225078117855234
10.1125,0.002078267652472
10.12,0.00183351049949738
10.1275,0.00170002756052695
10.135,0.00140267325794005
10.1425,0.00114061741880233
10.15,0.000876507143301681
10.1575,0.000623628802738775
10.165,0.000281677760808931
10.1725,0.000319347334469729
10.18,0.00047538060499602
10.1875,0.000694696762527966
10.195,0.00106842715173433
10.2025,0.0012299342783222
10.21,0.00151233377670406
10.2175,0.00183452174065119
10.225,0.00215419006277971
10.2325,0.00236221228980987
10.24,0.00249117828937608
10.2475,0.00276439837830749
10.255,0.00279597845011173
10.2625,0.00276118060837163
10.27,0.00278505810826419
10.2775,0.00267561743603767
10.285,0.00263138734849273
10.2925,0.00243026092928215
10.3,0.00240807640345148
10.3075,0.00235649808576524
10.315,0.00210200894369057
10.3225,0.00216266240352304
10.33,0.00206293984964216
10.3375,0.0019333567432091
10.345,0.00187614149306268
10.3525,0.00179088554887725
10.36,0.00176287474638693
10.3675,0.00171086909890033
10.375,0.0016146798147385
10.3825,0.00155161996034636
10.39,0.0014564407655802
10.3975,0.00109647694479285
10.405,0.00105751518146547
10.4125,0.000968966638055519
10.42,0.000767968130818621
10.4275,0.00095732835969865
10.435,0.00091237563594059
10.4425,0.000850098135194406
10.45,0.000718937764358893
10.4575,0.000618344063826089
10.465,0.000427117327688055
10.4725,0.000391864827589706
10.48,0.000701277168349232
10.4875,0.000826792209389294
10.495,0.00105608158583233
10.5025,0.001349220543245
10.51,0.00141007695815717
10.5175,0.00145891594179046
10.525,0.0017188162944981
10.5325,0.00165022651665372
10.54,0.00163355448918295
10.5475,0.00175144925495294
10.555,0.00166689279214055
10.5625,0.00182778597103989
10.57,0.00193853078078033
10.5775,0.00193394262587824
10.585,0.00201747671012388
10.5925,0.00196610653862886
10.6,0.00189589446741283
10.6075,0.00185026090736063
10.615,0.00182811878607059
10.6225,0.00178874921973089
10.63,0.00163737961274064
10.6375,0.00161160060097076
10.645,0.00146446040466795
10.6525,0.00114633845885051
10.66,0.00108866298701994
10.6675,0.000913276051754224
10.675,0.00064192416720449
10.6825,0.000678798926144605
10.69,0.000523348512097772
10.6975,0.000412506047164068
10.705,0.000394918306139428
10.7125,0.000231010978389945
10.72,0.00042288117952749
10.7275,0.000621715538671488
10.735,0.000837072714312003
10.7425,0.00116295328630518
10.75,0.00142145023805476
10.7575,0.00160372485952906
10.765,0.00187229749722867
10.7725,0.00196740401469343
10.78,0.00204575486528353
10.7875,0.0021379741722368
10.795,0.00209507491234874
10.8025,0.00219599964378202
10.81,0.00215531507708074
10.8175,0.00201449708161575
10.825,0.00201221636737324
10.8325,0.00189541284250001
10.84,0.00177066210254504
10.8475,0.00174260834982175
10.855,0.00161585864243548
10.8625,0.00146582546520581
10.87,0.00136426627883467
10.8775,0.00125703874795873
10.885,0.00109150348585184
10.8925,0.000901338373998363
10.9,0.000742525740290106
10.9075,0.000532552245273773
10.915,0.000415882545169806
10.9225,0.000274118711014269
10.93,0.000175014167368419
10.9375,0.00024220312522433
10.945,0.000404550042393128
10.9525,0.000729681267230553
10.96,0.000828764493973665
10.9675,0.00093938570319678
10.975,0.00112897455282849
10.9825,0.00119552539680783
10.99,0.00142677183674075
10.9975,0.00165080255547254
11.005,0.00173751212454795
11.0125,0.0019119282098599
11.02,0.00193657195225932
11.0275,0.00185074725910408
11.035,0.00197167648677146
11.0425,0.00195889268235494
11.05,0.00190684018295254
11.0575,0.00197929668841749
11.065,0.00203927872573803
11.0725,0.00197176938542547
11.08,0.00185541129838427
11.0875,0.00184733356384207
11.095,0.00169052155091055
11.1025,0.00156881278514022
11.11,0.00161898490972092
11.1175,0.00155601999293845
11.125,0.00152967708873812
11.1325,0.00150239994781199
11.14,0.00151847396563838
11.1475,0.00157225728115897
11.155,0.00154130611805719
11.1625,0.00147034402711832
11.17,0.00146062260933928
11.1775,0.00126173545122263
11.185,0.000848745022977417
11.1925,0.000606727848714222
11.2,0.000528097929604569
11.2075,0.00048319650380059
11.215,0.00051833121080176
11.2225,0.000605459485372249
11.23,0.000901376149069047
11.2375,0.0010587793365976
11.245,0.00102631221936218
11.2525,0.00118353585106778
11.26,0.00128301967255895
11.2675,0.0013273497012533
11.275,0.00141517516636073
11.2825,0.00157787419924755
11.29,0.00180874973129548
11.2975,0.00187235258348244
11.305,0.00207112951636233
11.3125,0.00223588905546385
11.32,0.00226921383320009
11.3275,0.00244256881036055
11.335,0.00247217254243824
11.3425,0.00245018270451555
11.35,0.00248403768326324
11.3575,0.0024893100736077
11.365,0.00247148915183113
11.3725,0.00249927212578771
11.38,0.00257514566930206
11.3875,0.00240043009609435
11.395,0.00229690302144764
11.4025,0.00226976545349246
11.41,0.00195159135839241
11.4175,0.00179482994672518
11.425,0.00167939131671612
11.4325,0.0013364996995118
11.44,0.000969570662153933
11.4475,0.000641664336273538
11.455,0.00042690761280971
11.4625,0.000391244605689051
11.47,0.000504859506299107
11.4775,0.000689914445015313
11.485,0.00101203185091568
11.4925,0.00122598369256113
11.5,0.00130900910996417
11.5075,0.00145482890611585
11.515,0.00157366170429452
11.5225,0.00154525704037899
11.53,0.00165147607067315
11.5375,0.00179223738507916
11.545,0.00175395438492475
11.5525,0.00182055475981405
11.56,0.00191635266527764
11.5675,0.00177066689513068
11.575,0.00175773992075941
11.5825,0.00180509451221452
11.59,0.00165395419303823
11.5975,0.00167735235780884
11.605,0.00176519092799764
11.6125,0.00175139470414359
11.62,0.00175991002856924
11.6275,0.00173365978705242
11.635,0.00171158442709758
11.6425,0.00171515901970772
11.65,0.00161797776288228
11.6575,0.00149862832322272
11.665,0.00131349855145479
11.6725,0.00107520878163297
11.68,0.00106765612035466
11.6875,0.000865163208628606
11.695,0.000823740392135318
11.7025,0.000835061412532597
11.71,0.000704172703044205
11.7175,0.000980744849603031
11.725,0.000954936384987951
11.7325,0.00104226679268314
11.74,0.00119374075277291
11.7475,0.00111009481976334
11.755,0.00110048966426343
11.7625,0.00107862148633605
11.77,0.000988311792281045
11.7775,0.000841248634373376
11.785,0.000866355949810645
11.7925,0.000967222478269991
11.8,0.0011133209663306
11.8075,0.00128660474921794
11.815,0.00143414396005048
11.8225,0.0014931436475036
11.83,0.00147868877958279
11.8375,0.00150593035523792
11.845,0.00157629326647229
11.8525,0.00161465832124278
11.86,0.00168820638230446
11.8675,0.00186182347457668
11.875,0.00183569602025799
11.8825,0.00178707036789496
11.89,0.00179309574594872
11.8975,0.00161998122947791
11.905,0.00153129133230543
11.9125,0.00140492156450903
11.92,0.00118876770835301
11.9275,0.00098111653371503
11.935,0.000811440264727849
11.9425,0.000700278487577537
11.95,0.000589608443196465
11.9575,0.000624469434381526
11.965,0.000493953691361515
11.9725,0.000339413400743286
11.98,0.000315046829925431
11.9875,0.000175789935001557
11.995,0.000349303465923132
12.0025,0.000408483111094481
12.01,0.000578605840041318
12.0175,0.00082227658793257
12.025,0.000987184025861289
12.0325,0.0011502500623758
12.04,0.00138388173889665
12.0475,0.00161590681240534
12.055,0.001807190375899
12.0625,0.00203547386751726
12.07,0.00219023975761726
12.0775,0.00230390445911406
12.085,0.00238307252487044
12.0925,0.00242528495953398
12.1,0.00245214109380681
12.1075,0.00232360647600114
12.115,0.00231254809240035
12.1225,0.0022861855087329
12.13,0.00208948020965291
12.1375,0.00206029981069929
12.145,0.00192304790288904
12.1525,0.00163005974933806
12.16,0.00144184364887639
12.1675,0.00130216425514982
12.175,0.00109910838194583
12.1825,0.000805502963596756
12.19,0.000593017451337053
12.1975,0.000368571202002142
12.205,0.000149441383892018
12.2125,0.000210299195469067
12.22,0.0001031889074606
12.2275,6.72910628474041E-05
12.235,0.000217559854437343
12.2425,0.0005251951388362
12.25,0.000717560148088944
12.2575,0.000718733303313279
12.265,0.000905894805567402
12.2725,0.00111227984506726
12.28,0.00113420932215792
12.2875,0.00138501217658207
12.295,0.00156367084601404
12.3025,0.00146090561384062
12.31,0.00155388264153616
12.3175,0.00158487001560154
12.325,0.00151743450340614
12.3325,0.00163141866361577
12.34,0.00169857280945129
12.3475,0.00172426534517777
12.355,0.00171568254145593
12.3625,0.00173503658547467
12.37,0.00173843081542789
12.3775,0.00170452163125227
12.385,0.00164710550871423
12.3925,0.00156765334429948
12.4,0.00153571230181406
12.4075,0.0014642401603678
12.415,0.00139155697144604
12.4225,0.00133587925391157
12.43,0.00136529541120725
12.4375,0.00141665523540085
12.445,0.00139866975191392
12.4525,0.00137281503251791
12.46,0.00130045719680959
12.4675,0.00119136317509319
12.475,0.00106683527080291
12.4825,0.000946471977694992
12.49,0.000769812569787749
12.4975,0.000587314946631562
12.505,0.000332469374317692
12.5125,0.000121400898667623
12.52,3.59649600636966E-05
12.5275,0.000205557175443498
12.535,0.00023674814436686
12.5425,0.000290122196408214
12.55,0.000617122579333884
12.5575,0.000650909378607172
12.565,0.000866365792535412
12.5725,0.0010763618160975
12.58,0.00111723061221367
12.5875,0.00136050645021232
12.595,0.00151647016270196
12.6025,0.00162383273643557
12.61,0.00180615356425004
12.6175,0.00178456753993005
12.625,0.00175321830785057
12.6325,0.00179015064527137
12.64,0.00168740263384847
12.6475,0.00164696744011323
12.655,0.00170245855015661
12.6625,0.00156933474100523
12.67,0.00147743006326172
12.6775,0.00155064810426581
12.685,0.0014594228722596
12.6925,0.00145993987179308
12.7,0.00145966212484717
12.7075,0.0012821916248477
12.715,0.00114345186933556
12.7225,0.000932711927475178
12.73,0.000723320210405238
12.7375,0.000560132046262666
12.745,0.00034986485248727
12.7525,0.000246198213796007
12.76,0.000363940871026373
12.7675,0.000593416732466696
12.775,0.000788701066009743
12.7825,0.000874114159915792
12.79,0.000912216137321863
12.7975,0.000918002173915059
12.805,0.00086121152499031
12.8125,0.000824818600222798
12.82,0.000824262572397707
12.8275,0.000921452949844863
12.835,0.00100001350024819
12.8425,0.00103330885176704
12.85,0.00114717762278205
12.8575,0.00125625248255311
12.865,0.00122652507837494
12.8725,0.0012404755966946
12.88,0.00131287480534791
12.8875,0.00117596193715866
12.895,0.00108789614001697
12.9025,0.00109769591863957
12.91,0.000987876817581113
12.9175,0.00102548757397047
12.925,0.00112087338160449
12.9325,0.00107207329634733
12.94,0.00103485401915959
12.9475,0.000962159935948639
12.955,0.0008120986442251
12.9625,0.000683177395413865
12.97,0.0005369804165531
12.9775,0.000390323178659761
12.985,0.000233338790409748
12.9925,0.000126417613391649
13,0.000211722484931549
13.0075,0.000294493218172812
13.015,0.000413068587876908
13.0225,0.000464594251364871
13.03,0.000503991203748367
13.0375,0.000600843455592942
13.045,0.000568130428006211
13.0525,0.000587260603101331
13.06,0.000672258254336694
13.0675,0.000630675831916472
13.075,0.000731148840490627
13.0825,0.000790316044359423
13.09,0.0008282076170672
13.0975,0.000994066092539826
13.105,0.00103719898986372
13.1125,0.00117580880359481
13.12,0.00138760886675894
13.1275,0.00141196934261638
13.135,0.0014938359561887
13.1425,0.00157027159977233
13.15,0.00143835010625346
13.1575,0.00154354696078775
13.165,0.00162230182016376
13.1725,0.00150522370900541
13.18,0.00159923591748451
13.1875,0.00153845993631414
13.195,0.00134135763544898
13.2025,0.00133147311891768
13.21,0.00115140327819965
13.2175,0.000941835942423913
13.225,0.000894065791586102
13.2325,0.000648918444169396
13.24,0.000498540249045476
13.2475,0.000418264512946699
13.255,0.000261380392208059
13.2625,0.00028355725485879
13.27,0.000196896990144411
13.2775,8.00817346849913E-05
13.285,0.000151654020687136
13.2925,0.000376708544168302
13.3,0.000550098888797472
13.3075,0.000697669959876996
13.315,0.000917626424147799
13.3225,0.0010677997766285
13.33,0.00116432305305433
13.3375,0.00135282802467669
13.345,0.00146522300630591
13.3525,0.00152999588969309
13.36,0.00165838790619029
13.3675,0.00168356468310474
13.375,0.00176143602883137
13.3825,0.00185530966466036
13.39,0.00177796043812103
13.3975,0.00177016781706435
13.405,0.00175703697263729
13.4125,0.0016166647519629
13.42,0.00157928450228747
13.4275,0.00154977948017169
13.435,0.00142916298354523
13.4425,0.00132807538323374
13.45,0.00122855089605284
13.4575,0.00106142628494027
13.465,0.000893627394281182
13.4725,0.000802677737599015
13.48,0.000706482765900614
13.4875,0.000653426860607166
13.495,0.000538360529766291
13.5025,0.000544762189459792
13.51,0.00059828170581972
13.5175,0.000515324491022833
13.525,0.000569552061819697
13.5325,0.00044465071768866
13.54,0.000269973906927263
13.5475,0.000347724654283656
13.555,0.000405592469530898
13.5625,0.000638757222926676
13.57,0.000852187452466964
13.5775,0.000838465277285783
13.585,0.000866892735692967
13.5925,0.000919451917319608
13.6,0.000868037436499384
13.6075,0.00095899765754894
13.615,0.00102486699264569
13.6225,0.00107460858526911
13.63,0.0011022714683848
13.6375,0.00109761187806686
13.645,0.00121206084935903
13.6525,0.00124158655808675
13.66,0.0011689651980789
13.6675,0.00122660949982294
13.675,0.00111713189056081
13.6825,0.00111486386248563
13.69,0.00127197377664662
13.6975,0.00127469187394617
13.705,0.00141710031065258
13.7125,0.001377240896651
13.72,0.00126930072744011
13.7275,0.00127410080063093
13.735,0.00110861549606731
13.7425,0.00110896270842075
13.75,0.00111239363231814
13.7575,0.000928810860839076
13.765,0.000839816216623733
13.7725,0.000730825927843908
13.78,0.000566455996677438
13.7875,0.000541207912087701
13.795,0.000389456908467988
13.8025,0.00023196792173811
13.81,0.000245281407594809
13.8175,0.000354545573164886
13.825,0.000626739532312859
13.8325,0.000633603305809029
13.84,0.000696203390800944
13.8475,0.0008205139152002
13.855,0.000785578805494728
13.8625,0.00106277192686571
13.87,0.00119879267943192
13.8775,0.00132990444914136
13.885,0.00159013829927681
13.8925,0.0015531041269201
13.9,0.00165023751766872
13.9075,0.00177701168757576
13.915,0.00170282045181681
13.9225,0.00165777469190079
13.93,0.00155456576879137
13.9375,0.00146710019103185
13.945,0.00134005307322972
13.9525,0.00128389896786029
13.96,0.00133085305033576
13.9675,0.0012594772886243
13.975,0.00117852691494548
13.9825,0.00106539643982772
13.99,0.000961188383226953
13.9975,0.000775287842537365
14.005,0.000570014854846592
14.0125,0.000515428115321573
14.02,0.000341606208123958
14.0275,0.000139485214618422
14.035,0.000177513067325463
14.0425,0.000386191243197204
14.05,0.000562389550629712
14.0575,0.00060371975753797
14.065,0.000702847584812571
14.0725,0.000722785335422939
14.08,0.000764781280782009
14.0875,0.0009308487735217
14.095,0.000934479543280291
14.1025,0.000990777260032013
14.11,0.00104217573951261
14.1175,0.00103283222414235
14.125,0.00111615292289716
14.1325,0.00125358740787311
14.14,0.00137996403073777
14.1475,0.00142822096199239
14.155,0.00147202342706343
14.1625,0.00146716144053099
14.17,0.00140325571550132
14.1775,0.00138343568400583
14.185,0.00130789392785137
14.1925,0.00128115957316526
14.2,0.00122561059403498
14.2075,0.00109988318117176
14.215,0.0011506037604517
14.2225,0.00108188518902565
14.23,0.00100596409196763
14.2375,0.00101437395254628
14.245,0.000888337290472925
14.2525,0.000824774360508902
14.26,0.000746619440027996
14.2675,0.000655087814773902
14.275,0.000600365230863915
14.2825,0.000493967389694211
14.29,0.00039249433909088
14.2975,0.000306879508521993
14.305,0.000235395606921536
14.3125,0.000253850273644456
14.32,0.0002599575842429
14.3275,0.000199522721849657
14.335,0.000344515285361435
14.3425,0.000256045963262529
14.35,0.000300993521871744
14.3575,0.00034315205526232
14.365,0.000196935624010648
14.3725,0.000416195630241552
14.38,0.000477859096660189
14.3875,0.00063243146235378
14.395,0.000830270079468641
14.4025,0.000857947130448678
14.41,0.000945013466846054
14.4175,0.00101829244016167
14.425,0.00101993404366673
14.4325,0.00111648950877488
14.44,0.00114750490447885
14.4475,0.00119103928101173
14.455,0.00129463208667327
14.4625,0.00125060292126733
14.47,0.00127402372474413
14.4775,0.00135172054415016
14.485,0.00125565406836454
14.4925,0.00126390749337361
14.5,0.00125600726132825
14.5075,0.00110052721486473
14.515,0.00111538373341599
14.5225,0.00100846438051087
14.53,0.000844716325047986
14.5375,0.000858048058857856
14.545,0.000796917519667181
14.5525,0.000726699841904496
14.56,0.000605085744933942
14.5675,0.000442066320198402
14.575,0.000380612209933123
14.5825,0.000234854244229171
14.59,0.000120566847652038
14.5975,0.00012124322849743
14.605,0.000179816689523508
14.6125,0.000274454693900938
14.62,0.000351091575603676
14.6275,0.000547228026169946
14.635,0.000686648886247631
14.6425,0.000747697376823234
14.65,0.000854611115180753
14.6575,0.000935115108999217
14.665,0.000961663519266613
14.6725,0.000976097147055687
14.68,0.00097667220395339
14.6875,0.000940502467070057
14.695,0.0009748116552308
14.7025,0.000979715300862579
14.71,0.000929454950917184
14.7175,0.000994028135922034
14.725,0.000959349632827783
14.7325,0.000959053222838596
14.74,0.000998314638788765
14.7475,0.000930085634438277
14.755,0.000864072094147213
14.7625,0.000701400901121012
14.77,0.000653849206798457
14.7775,0.000653501205181889
14.785,0.000546588087429318
14.7925,0.00052563894643813
14.8,0.000469421997023912
14.8075,0.000323840986119916
14.815,0.00021834396411114
14.8225,0.000174371671677091
14.83,0.000126938251529615
14.8375,0.000142820202974179
14.845,0.000161256497458552
14.8525,0.000108449909564163
14.86,0.000254172175101567
14.8675,0.000353124751977286
14.875,0.000523864660951407
14.8825,0.000669060155701374
14.89,0.000697618247027825
14.8975,0.000743924684904182
14.905,0.000773782032125685
14.9125,0.00079458617243979
14.92,0.00085457564680737
14.9275,0.000936645104354978
14.935,0.000978370755181385
14.9425,0.00102746318081534
14.95,0.0010109420641422
14.9575,0.00102365539221105
14.965,0.00105520926826701
14.9725,0.000995858915951847
14.98,0.00101162322270449
14.9875,0.000878022333315261
14.995,0.000715290725448569
15.0025,0.000690475698127502
15.01,0.000602822989940077
15.0175,0.000646727274988883
15.025,0.000624823178640954
15.0325,0.000610987123146513
15.04,0.000624921810376351
15.0475,0.000548014074397244
15.055,0.000504944879469851
15.0625,0.000494425210245185
15.07,0.000470110340299394
15.0775,0.000372259664970932
15.085,0.000300724577042617
15.0925,0.000222210081811568
15.1,0.000121478727117285
15.1075,0.000143241983630471
15.115,0.000321159194355321
15.1225,0.000442086090179291
15.13,0.000490242862473523
15.1375,0.000645057843684971
15.145,0.000695885022848666
15.1525,0.000735964999313539
15.16,0.000878997766365868
15.1675,0.000877991710312843
15.175,0.000919345005616307
15.1825,0.00102341823785476
15.19,0.000981491536516747
15.1975,0.00102198497532535
15.205,0.00105823747388306
15.2125,0.00102312984734301
15.22,0.00104532860682908
15.2275,0.00100819658453576
15.235,0.000982881908984694
15.2425,0.000896855231059569
15.25,0.000794681396692087
15.2575,0.000807756428698597
15.265,0.000748092250344496
15.2725,0.000697469661659315
15.28,0.000720801244597473
15.2875,0.000694642780792468
15.295,0.000588921275733117
15.3025,0.000581349738402999
15.31,0.000549518329573581
15.3175,0.000380851937670668
15.325,0.00033329900823749
15.3325,0.000305439463122681
15.34,0.000181822624013872
15.3475,0.000112001581922741
15.355,0.000145452891913488
15.3625,0.000203361351906106
15.37,0.000290617583568203
15.3775,0.000380043759495144
15.385,0.000405948267721841
15.3925,0.000530018799923544
15.4,0.00062641317969779
15.4075,0.000665270605359255
15.415,0.000739881996729692
15.4225,0.000758413691382564
15.43,0.000768468741288936
15.4375,0.000739857127726238
15.445,0.000690100627594826
15.4525,0.000705568567323201
15.46,0.000714346384439099
15.4675,0.000671903675245214
15.475,0.000572108169295575
15.4825,0.000521444959557535
15.49,0.000476234854963738
15.4975,0.000388647739346588
15.505,0.000438668979769895
15.5125,0.000435077686512621
15.52,0.000415452926681824
15.5275,0.000498012998199544
15.535,0.000481228772612872
15.5425,0.000488992155736477
15.55,0.000502669459609521
15.5575,0.000481078827471001
15.565,0.000430196448571377
15.5725,0.000310288156316394
15.58,0.000264570526241041
15.5875,0.000259967840178393
15.595,0.000270409675545971
15.6025,0.000405136048410527
15.61,0.00048693923779282
15.6175,0.000502757383021397
15.625,0.000577082953742932
15.6325,0.000564185131585595
15.64,0.000478631885475952
15.6475,0.00041019992093968
15.655,0.00027886184372076
15.6625,0.000164652786813549
15.67,0.000147877129755922
15.6775,0.000125073309955447
15.685,0.000243217866167644
15.6925,0.000320703297610176
15.7,0.000305475827043688
15.7075,0.000343316797492969
15.715,0.000397326442644056
15.7225,0.00040237677175899
15.73,0.000483522803130509
15.7375,0.000525580559896896
15.745,0.000523453454624728
15.7525,0.000591342967452448
15.76,0.000591782489545963
15.7675,0.000605800477432995
15.775,0.000630979499175515
15.7825,0.000616094983229299
15.79,0.000661946791686575
15.7975,0.000616961906562134
15.805,0.000528356793607459
15.8125,0.000523099392856301
15.82,0.000444492210057397
15.8275,0.000350259104149879
15.835,0.000283019571900566
15.8425,0.000157171639864347
15.85,7.58634761585999E-05
15.8575,4.48005746564103E-05
15.865,0.000154257167792629
15.8725,0.00016450262815584
15.88,0.000162207305170482
15.8875,0.000167345625772395
15.895,9.72712352339224E-05
15.9025,7.88143807479683E-05
15.91,7.03172005010623E-05
15.9175,0.000125792249565765
15.925,0.000193357485607392
15.9325,0.000288654595038646
15.94,0.000357579087474988
15.9475,0.000457749143018895
15.955,0.000549866966967899
15.9625,0.00056679518196607
15.97,0.0005832339897992
15.9775,0.000552896898639579
15.985,0.00051569749284527
15.9925,0.000522753314961811
16,0.000483156708941018
